time,avg,setvalue
2022-12-11 15:24:42,32.6,28.0
2022-12-11 15:54:42,32.4,28.0
2022-12-11 16:24:42,32.5,28.0
2022-12-11 16:54:42,32.1,28.0
2022-12-11 17:24:42,31.9,28.0
2022-12-11 17:54:42,31.2,28.0
2022-12-11 18:24:42,29.6,28.0
2022-12-11 18:54:42,27.9,28.0
2022-12-11 19:24:42,28.1,28.0
2022-12-11 19:54:42,27.9,28.0
2022-12-11 20:24:42,28.1,28.0
2022-12-11 20:54:42,28.1,28.0
2022-12-11 21:24:42,28.0,28.0
2022-12-11 21:54:42,27.9,28.0
2022-12-11 22:24:42,27.8,28.0
2022-12-11 22:54:42,27.7,28.0
2022-12-11 23:24:42,27.6,28.0
2022-12-11 23:54:42,27.5,28.0
2022-12-12 00:24:42,27.4,28.0
2022-12-12 00:54:42,27.3,28.0
2022-12-12 01:24:42,27.2,28.0
2022-12-12 01:54:42,27.1,28.0
2022-12-12 02:24:42,27.0,28.0
2022-12-12 02:54:42,26.9,28.0
2022-12-12 03:24:42,26.8,28.0
2022-12-12 03:54:42,26.7,28.0
2022-12-12 04:24:42,26.6,28.0
2022-12-12 04:54:42,26.5,28.0
2022-12-12 05:24:42,26.4,28.0
2022-12-12 05:54:42,26.4,28.0
2022-12-12 06:24:42,26.3,28.0
2022-12-12 06:54:42,26.2,28.0
2022-12-12 07:24:42,26.1,28.0
2022-12-12 07:54:42,26.1,28.0
2022-12-12 08:24:42,26.3,28.0
2022-12-12 08:54:42,26.6,28.0
2022-12-12 09:24:42,26.9,28.0
2022-12-12 09:54:42,27.3,28.0
2022-12-12 10:24:42,28.0,28.0
2022-12-12 10:54:42,30.2,28.0
2022-12-12 11:24:42,31.1,28.0
2022-12-12 11:54:42,31.5,28.0
2022-12-12 12:24:42,32.2,28.0
2022-12-12 12:54:42,31.6,28.0
2022-12-12 13:24:42,32.6,28.0
2022-12-12 13:54:42,32.3,28.0
2022-12-12 14:24:42,33.0,28.0
2022-12-12 14:54:42,32.5,35.0
2022-12-12 15:24:42,32.1,35.0
2022-12-12 15:54:42,32.1,35.0
2022-12-12 16:24:42,31.9,35.0
2022-12-12 16:54:42,31.4,32.0
2022-12-12 17:24:42,31.7,32.0
2022-12-12 17:54:42,32.9,32.0
2022-12-12 18:24:42,33.1,32.0
2022-12-12 18:54:42,32.8,32.0
2022-12-12 19:24:42,32.5,32.0
2022-12-12 19:54:42,31.0,39.0
2022-12-12 20:24:42,30.2,39.0
2022-12-12 20:54:42,29.7,39.0
2022-12-12 21:24:42,29.5,32.0
2022-12-12 21:54:42,31.1,32.0
2022-12-12 22:24:42,31.2,32.0
2022-12-12 22:54:42,31.3,32.0
2022-12-12 23:24:42,31.0,32.0
2022-12-12 23:54:42,31.0,32.0
2022-12-13 00:24:42,31.1,32.0
2022-12-13 00:54:42,31.4,32.0
2022-12-13 01:24:42,31.2,32.0
2022-12-13 01:54:42,31.3,32.0
2022-12-13 02:24:42,31.2,32.0
2022-12-13 02:54:42,31.2,32.0
2022-12-13 03:24:42,31.3,32.0
2022-12-13 03:54:42,31.2,32.0
2022-12-13 04:24:42,31.3,32.0
2022-12-13 04:54:42,31.6,32.0
2022-12-13 05:24:42,31.6,32.0
2022-12-13 05:54:42,31.5,32.0
2022-12-13 06:24:42,31.3,32.0
2022-12-13 06:54:42,31.0,32.0
2022-12-13 07:24:42,31.1,32.0
2022-12-13 07:54:42,31.3,32.0
2022-12-13 08:24:42,31.1,32.0
2022-12-13 08:54:42,31.5,32.0
2022-12-13 09:24:42,31.3,32.0
2022-12-13 09:54:42,31.2,32.0
2022-12-13 10:24:42,31.1,32.0
2022-12-13 10:54:42,31.2,32.0
2022-12-13 11:24:42,31.3,32.0
2022-12-13 11:54:42,31.3,32.0
2022-12-13 12:24:42,31.5,32.0
2022-12-13 12:54:42,31.7,32.0
2022-12-13 13:24:42,31.9,32.0
2022-12-13 13:54:42,31.9,32.0
2022-12-13 14:24:42,32.2,33.0
2022-12-13 14:54:42,32.5,33.0
2022-12-13 15:24:42,32.7,33.0
2022-12-13 15:54:42,32.7,33.0
2022-12-13 16:24:42,32.6,33.0
2022-12-13 16:54:42,32.4,33.0
2022-12-13 17:24:42,32.3,33.0
2022-12-13 17:54:42,32.1,33.0
2022-12-13 18:24:42,32.3,33.0
2022-12-13 18:54:42,32.5,33.0
2022-12-13 19:24:42,32.2,33.0
2022-12-13 19:54:42,32.2,33.0
2022-12-13 20:24:42,32.1,33.0
2022-12-13 20:54:42,32.1,33.0
2022-12-13 21:24:42,32.1,33.0
2022-12-13 21:54:42,32.1,33.0
2022-12-13 22:24:42,32.1,33.0
2022-12-13 22:54:42,32.5,33.0
2022-12-13 23:24:42,32.2,33.0
2022-12-13 23:54:42,32.1,33.0
2022-12-14 00:24:42,32.4,33.0
2022-12-14 00:54:42,32.3,33.0
2022-12-14 01:24:42,32.2,33.0
2022-12-14 01:54:42,31.9,33.0
2022-12-14 02:24:42,32.4,33.0
2022-12-14 02:54:42,32.6,33.0
2022-12-14 03:24:42,31.9,33.0
2022-12-14 03:54:42,32.1,33.0
2022-12-14 04:24:42,32.0,33.0
2022-12-14 04:54:42,32.5,33.0
2022-12-14 05:24:42,32.1,33.0
2022-12-14 05:54:42,31.9,33.0
2022-12-14 06:24:42,32.5,33.0
2022-12-14 06:54:42,32.5,33.0
2022-12-14 07:24:42,32.6,33.0
2022-12-14 07:54:42,32.4,33.0
2022-12-14 08:24:42,32.6,33.0
2022-12-14 08:54:42,31.9,33.0
2022-12-14 09:24:42,32.1,33.0
2022-12-14 09:54:42,31.5,32.0
2022-12-14 10:24:42,31.4,32.0
2022-12-14 10:54:42,31.3,32.0
2022-12-14 11:24:42,32.3,32.5
2022-12-14 11:54:42,32.0,32.5
2022-12-14 12:24:42,31.9,32.5
2022-12-14 12:54:42,31.8,32.5
2022-12-14 13:24:42,32.0,32.5
2022-12-14 13:54:42,32.2,32.5
2022-12-14 14:24:42,32.3,32.5
2022-12-14 14:54:42,32.4,32.5
2022-12-14 15:24:42,32.4,32.5
2022-12-14 15:54:42,32.4,32.5
2022-12-14 16:24:42,32.4,32.5
2022-12-14 16:54:42,32.0,32.5
2022-12-14 17:24:42,31.9,32.5
2022-12-14 17:54:42,31.8,32.5
2022-12-14 18:24:42,31.8,32.5
2022-12-14 18:54:42,32.2,32.5
2022-12-14 19:24:42,32.2,32.5
2022-12-14 19:54:42,31.9,32.5
2022-12-14 20:24:42,32.0,32.5
2022-12-14 20:54:42,31.7,32.5
2022-12-14 21:24:42,31.8,32.5
2022-12-14 21:54:42,32.1,32.5
2022-12-14 22:24:42,32.2,32.5
2022-12-14 22:54:42,32.1,32.5
2022-12-14 23:24:42,32.2,32.5
2022-12-14 23:54:42,31.6,32.0
2022-12-15 00:24:42,31.6,32.0
2022-12-15 00:54:42,31.6,32.0
2022-12-15 01:24:42,31.5,32.0
2022-12-15 01:54:42,31.5,32.0
2022-12-15 02:24:42,31.7,32.0
2022-12-15 02:54:42,31.7,32.0
2022-12-15 03:24:42,31.4,32.0
2022-12-15 03:54:42,31.3,32.0
2022-12-15 04:24:42,30.9,32.0
2022-12-15 04:54:42,30.3,32.0
2022-12-15 05:24:42,29.7,32.0
2022-12-15 05:54:42,29.4,32.0
2022-12-15 06:24:42,29.1,32.0
2022-12-15 06:54:42,29.0,32.0
2022-12-15 07:24:42,28.9,32.0
2022-12-15 07:54:42,28.8,32.0
2022-12-15 08:24:42,28.8,32.0
2022-12-15 08:54:42,28.9,32.0
2022-12-15 09:24:42,29.1,32.0
2022-12-15 09:54:42,29.4,32.0
2022-12-15 10:24:42,29.8,32.5
2022-12-15 10:54:42,30.6,32.5
2022-12-15 11:24:42,32.1,32.5
2022-12-15 11:54:42,31.8,32.5
2022-12-15 12:24:42,31.7,32.5
2022-12-15 12:54:42,31.7,32.5
2022-12-15 13:24:42,31.7,32.5
2022-12-15 13:54:42,31.8,32.5
2022-12-15 14:24:42,31.8,32.5
2022-12-15 14:54:42,31.9,32.5
2022-12-15 15:24:42,31.9,32.5
2022-12-15 15:54:42,31.8,32.5
2022-12-15 16:24:42,31.8,32.5
2022-12-15 16:54:42,31.6,32.5
2022-12-15 17:24:42,31.9,32.5
2022-12-15 17:54:42,31.7,32.5
2022-12-15 18:24:42,31.6,32.5
2022-12-15 18:54:42,31.7,32.5
2022-12-15 19:24:42,32.1,32.5
2022-12-15 19:54:42,31.6,32.5
2022-12-15 20:24:42,31.9,32.5
2022-12-15 20:54:42,31.6,32.0
2022-12-15 21:24:42,31.7,32.0
2022-12-15 21:54:42,32.4,33.0
2022-12-15 22:24:42,32.2,33.0
2022-12-15 22:54:42,32.4,33.0
2022-12-15 23:24:42,32.1,33.0
2022-12-15 23:54:42,32.8,33.0
2022-12-16 00:24:42,32.1,33.0
2022-12-16 00:54:42,32.1,33.0
2022-12-16 01:24:42,32.1,33.0
2022-12-16 01:54:42,32.0,33.0
2022-12-16 02:24:42,32.3,33.0
2022-12-16 02:54:42,32.2,33.0
2022-12-16 03:24:42,32.1,33.0
2022-12-16 03:54:42,32.2,33.0
2022-12-16 04:24:42,32.1,33.0
2022-12-16 04:54:42,32.1,33.0
2022-12-16 05:24:42,32.8,33.0
2022-12-16 05:54:42,32.1,33.0
2022-12-16 06:24:42,32.4,33.0
2022-12-16 06:54:42,32.2,33.0
2022-12-16 07:24:42,31.8,33.0
2022-12-16 07:54:42,31.8,33.0
2022-12-16 08:24:42,31.4,33.0
2022-12-16 08:54:42,31.1,33.0
2022-12-16 09:24:42,31.1,33.0
2022-12-16 09:54:42,31.2,33.0
2022-12-16 10:24:42,30.4,32.0
2022-12-16 10:54:42,30.4,32.0
2022-12-16 11:24:42,30.0,31.0
2022-12-16 11:54:42,29.8,31.0
2022-12-16 12:24:42,29.7,31.0
2022-12-16 12:54:42,29.9,31.0
2022-12-16 13:24:42,30.4,31.0
2022-12-16 13:54:42,30.6,31.0
2022-12-16 14:24:42,29.1,31.0
2022-12-16 14:54:42,28.9,31.0
2022-12-16 15:24:42,29.7,31.0
2022-12-16 15:54:42,29.7,31.0
2022-12-16 16:24:42,29.8,31.0
2022-12-16 16:54:42,29.7,31.0
2022-12-16 17:24:42,29.9,31.0
2022-12-16 17:54:42,30.0,31.0
2022-12-16 18:24:42,30.1,31.0
2022-12-16 18:54:42,30.0,31.0
2022-12-16 19:24:42,30.0,31.0
2022-12-16 19:54:42,29.9,31.0
2022-12-16 20:24:42,29.7,31.0
2022-12-16 20:54:42,29.8,31.0
2022-12-16 21:24:42,29.8,31.0
2022-12-16 21:54:42,29.9,30.6
2022-12-16 22:24:42,30.4,30.6
2022-12-16 22:54:42,30.2,30.6
2022-12-16 23:24:42,30.0,30.6
2022-12-16 23:54:42,29.9,30.6
2022-12-17 00:24:42,30.1,30.6
2022-12-17 00:54:42,30.1,30.6
2022-12-17 01:24:42,30.1,30.6
2022-12-17 01:54:42,29.9,30.6
2022-12-17 02:24:42,30.2,30.6
2022-12-17 02:54:42,30.3,30.6
2022-12-17 03:24:42,30.1,30.6
2022-12-17 03:54:42,30.1,30.6
2022-12-17 04:24:42,30.2,30.6
2022-12-17 04:54:42,30.2,30.6
2022-12-17 05:24:42,29.9,30.6
2022-12-17 05:54:42,29.9,30.6
2022-12-17 06:24:42,30.1,30.6
2022-12-17 06:54:42,30.1,30.6
2022-12-17 07:24:42,30.2,30.6
2022-12-17 07:54:42,30.3,30.6
2022-12-17 08:24:42,29.9,30.6
2022-12-17 08:54:42,30.0,30.6
2022-12-17 09:24:42,29.9,30.6
2022-12-17 09:54:42,30.0,30.6
2022-12-17 10:24:42,30.1,30.6
2022-12-17 10:54:42,30.1,30.6
2022-12-17 11:24:42,30.3,30.6
2022-12-17 11:54:42,30.6,30.6
2022-12-17 12:24:42,31.0,30.6
2022-12-17 12:54:42,31.1,30.6
2022-12-17 13:24:42,31.4,30.6
2022-12-17 13:54:42,31.6,30.6
2022-12-17 14:24:42,31.6,30.6
2022-12-17 14:54:42,31.6,30.6
2022-12-17 15:24:42,31.8,30.6
2022-12-17 15:54:42,31.7,30.6
2022-12-17 16:24:42,31.6,30.6
2022-12-17 16:54:42,31.4,30.6
2022-12-17 17:24:42,31.5,30.6
2022-12-17 17:54:42,31.6,30.6
2022-12-17 18:24:42,31.3,30.6
2022-12-17 18:54:42,31.5,30.6
2022-12-17 19:24:42,31.2,30.6
2022-12-17 19:54:42,30.6,30.6
2022-12-17 20:24:42,30.3,30.6
2022-12-17 20:54:42,30.2,30.6
2022-12-17 21:24:42,29.9,30.6
2022-12-17 21:54:42,30.0,30.6
2022-12-17 22:24:42,29.9,30.6
2022-12-17 22:54:42,30.0,30.6
2022-12-17 23:24:42,29.8,30.6
2022-12-17 23:54:42,30.0,30.6
2022-12-18 00:24:42,30.0,30.6
2022-12-18 00:54:42,30.3,30.6
2022-12-18 01:24:42,30.0,30.6
2022-12-18 01:54:42,30.0,30.6
2022-12-18 02:24:42,29.8,30.6
2022-12-18 02:54:42,30.1,30.6
2022-12-18 03:24:42,30.1,30.6
2022-12-18 03:54:42,30.5,30.6
2022-12-18 04:24:42,30.5,30.6
2022-12-18 04:54:42,29.9,30.6
2022-12-18 05:24:42,30.4,30.6
2022-12-18 05:54:42,30.3,30.6
2022-12-18 06:24:42,30.0,30.6
2022-12-18 06:54:42,30.2,30.6
2022-12-18 07:24:42,30.2,30.6
2022-12-18 07:54:42,29.9,30.6
2022-12-18 08:24:42,30.2,30.6
2022-12-18 08:54:42,30.0,30.6
2022-12-18 09:24:42,30.2,30.6
2022-12-18 09:54:42,29.8,30.6
2022-12-18 10:24:42,30.1,30.6
2022-12-18 10:54:42,30.2,30.0
2022-12-18 11:24:42,30.4,30.0
2022-12-18 11:54:42,31.1,30.0
2022-12-18 12:24:42,31.7,30.0
2022-12-18 12:54:42,31.9,30.0
2022-12-18 13:24:42,32.2,30.0
2022-12-18 13:54:42,31.5,30.0
2022-12-18 14:24:42,32.7,30.0
2022-12-18 14:54:42,32.2,30.0
2022-12-18 15:24:42,31.8,30.0
2022-12-18 15:54:42,32.6,30.0
2022-12-18 16:24:42,33.0,30.0
2022-12-18 16:54:42,32.3,30.0
2022-12-18 17:24:42,32.1,30.0
2022-12-18 17:54:42,31.7,30.0
2022-12-18 18:24:42,31.5,30.0
2022-12-18 18:54:42,31.0,30.0
2022-12-18 19:24:42,30.6,30.0
2022-12-18 19:54:42,30.6,30.0
2022-12-18 20:24:42,30.9,30.0
2022-12-18 20:54:42,30.6,30.0
2022-12-18 21:24:42,30.6,30.0
2022-12-18 21:54:42,30.4,30.0
2022-12-18 22:24:42,30.2,30.0
2022-12-18 22:54:42,29.9,30.0
2022-12-18 23:24:42,29.6,30.0
2022-12-18 23:54:42,29.5,30.0
2022-12-19 00:24:42,29.5,30.0
2022-12-19 00:54:42,29.5,30.0
2022-12-19 01:24:42,29.5,30.0
2022-12-19 01:54:42,29.2,30.0
2022-12-19 02:24:42,29.3,30.0
2022-12-19 02:54:42,29.4,30.0
2022-12-19 03:24:42,29.7,30.0
2022-12-19 03:54:42,29.7,30.0
2022-12-19 04:24:42,29.7,30.0
2022-12-19 04:54:42,29.4,30.0
2022-12-19 05:24:42,29.1,30.0
2022-12-19 05:54:42,28.9,30.0
2022-12-19 06:24:42,28.6,30.0
2022-12-19 06:46:51,28.2,30.0
2022-12-19 07:14:58,28.3,30.0
2022-12-19 07:44:58,28.4,30.0
2022-12-19 08:14:58,28.6,30.0
2022-12-19 08:44:58,28.9,30.0
2022-12-19 09:14:58,29.4,30.0
2022-12-19 09:44:58,29.8,30.0
2022-12-19 10:14:58,30.1,30.0
2022-12-19 10:44:58,30.2,30.0
2022-12-19 11:14:58,30.3,30.0
2022-12-19 11:44:58,30.7,30.0
2022-12-19 12:14:58,31.0,30.0
2022-12-19 12:44:58,31.4,30.0
2022-12-19 13:14:58,31.6,30.0
2022-12-19 13:44:58,32.2,30.0
2022-12-19 14:14:58,31.9,30.0
2022-12-19 14:44:58,31.3,30.0
2022-12-19 15:14:58,31.0,30.0
2022-12-19 15:44:58,30.1,30.0
2022-12-19 16:14:58,29.8,30.0
2022-12-19 16:44:58,29.3,30.0
2022-12-19 16:52:51,29.2,30.0
2022-12-19 17:22:51,29.9,30.0
2022-12-19 17:52:51,29.3,30.0
2022-12-19 18:22:51,29.3,30.0
2022-12-19 18:52:51,29.2,30.0
2022-12-19 19:22:51,29.6,30.0
2022-12-19 19:35:19,29.4,30.0
2022-12-19 20:05:19,29.4,30.0
2022-12-19 20:35:19,29.7,30.0
2022-12-19 21:05:19,29.8,30.0
2022-12-19 21:35:19,29.9,30.0
2022-12-19 22:05:19,29.4,30.0
2022-12-19 22:35:19,29.5,30.0
2022-12-19 23:05:19,29.4,30.0
2022-12-19 23:35:19,29.5,30.0
2022-12-20 00:05:19,29.4,30.0
2022-12-20 00:35:19,29.8,30.0
2022-12-20 01:05:19,29.6,30.0
2022-12-20 01:35:19,29.5,30.0
2022-12-20 02:05:19,29.4,30.0
2022-12-20 02:35:19,29.2,30.0
2022-12-20 03:05:19,29.8,30.0
2022-12-20 03:35:19,29.8,30.0
2022-12-20 04:05:19,29.7,30.0
2022-12-20 04:35:19,29.0,30.0
2022-12-20 05:05:19,29.4,30.0
2022-12-20 05:35:19,29.9,30.0
2022-12-20 06:05:19,29.6,30.0
2022-12-20 06:35:19,29.4,30.0
2022-12-20 07:05:19,29.5,30.0
2022-12-20 07:35:19,29.1,30.0
2022-12-20 08:05:19,29.6,30.0
2022-12-20 08:35:19,29.5,30.0
2022-12-20 09:05:19,29.5,30.0
2022-12-20 09:35:19,29.7,30.0
2022-12-20 10:05:19,29.7,30.0
2022-12-20 10:35:19,30.2,30.0
2022-12-20 11:05:19,30.4,30.0
2022-12-20 11:35:19,30.6,30.0
2022-12-20 12:05:19,30.9,30.0
2022-12-20 12:35:19,31.3,30.0
2022-12-20 13:05:19,32.0,30.0
2022-12-20 13:35:19,31.1,30.0
2022-12-20 14:05:19,30.9,30.0
2022-12-20 14:35:19,30.1,30.0
2022-12-20 15:05:19,28.9,30.0
2022-12-20 15:35:19,29.6,30.0
2022-12-20 16:05:19,29.6,30.0
2022-12-20 16:35:19,29.3,30.0
2022-12-20 17:05:19,29.4,30.0
2022-12-20 17:35:19,29.7,30.0
2022-12-20 18:05:19,28.7,29.0
2022-12-20 18:35:19,28.5,29.0
2022-12-20 19:05:19,28.4,29.0
2022-12-20 19:35:19,28.2,29.0
2022-12-20 20:05:19,28.2,29.0
2022-12-20 20:35:19,28.7,29.0
2022-12-20 21:05:19,28.1,29.0
2022-12-20 21:35:19,28.2,29.0
2022-12-20 22:05:19,28.4,29.0
2022-12-20 22:35:19,28.6,29.0
2022-12-20 23:05:19,28.5,29.0
2022-12-20 23:35:19,28.2,29.0
2022-12-21 00:05:19,28.6,29.0
2022-12-21 00:35:19,28.1,29.0
2022-12-21 01:05:19,28.5,29.0
2022-12-21 01:35:19,28.3,29.0
2022-12-21 02:05:19,28.6,29.0
2022-12-21 02:35:19,28.4,29.0
2022-12-21 03:05:19,28.6,29.0
2022-12-21 03:35:19,28.8,29.0
2022-12-21 04:05:19,28.0,29.0
2022-12-21 04:35:19,28.6,29.0
2022-12-21 05:05:19,28.5,29.0
2022-12-21 05:35:19,28.0,29.0
2022-12-21 06:05:19,28.2,29.0
2022-12-21 06:35:19,28.3,29.0
2022-12-21 07:05:19,28.3,29.0
2022-12-21 07:35:19,28.8,29.0
2022-12-21 08:05:19,28.3,29.0
2022-12-21 08:35:19,28.7,29.0
2022-12-21 09:05:19,28.3,29.0
2022-12-21 09:35:19,28.3,29.0
2022-12-21 10:05:19,28.7,29.0
2022-12-21 10:35:19,29.4,29.0
2022-12-21 11:05:19,29.3,29.0
2022-12-21 11:35:19,29.6,29.0
2022-12-21 12:05:19,29.9,29.0
2022-12-21 12:35:19,29.9,29.0
2022-12-21 13:05:19,30.7,29.0
2022-12-21 13:35:19,30.8,29.0
2022-12-21 14:05:19,30.8,29.0
2022-12-21 14:35:19,29.4,29.0
2022-12-21 15:05:19,29.4,29.0
2022-12-21 15:35:19,28.4,29.0
2022-12-21 16:05:19,28.5,29.0
2022-12-21 16:35:19,28.4,29.0
2022-12-21 17:05:19,28.3,29.0
2022-12-21 17:35:19,28.2,29.0
2022-12-21 18:05:19,28.3,29.0
2022-12-21 18:35:19,28.3,29.0
2022-12-21 19:05:19,28.3,29.0
2022-12-21 19:35:19,28.3,29.0
2022-12-21 20:05:19,29.0,29.0
2022-12-21 20:35:19,28.8,29.0
2022-12-21 21:05:19,28.5,29.0
2022-12-21 21:35:19,28.5,29.0
2022-12-21 22:05:19,28.3,29.0
2022-12-21 22:35:19,28.5,29.0
2022-12-21 23:05:19,28.7,29.0
2022-12-21 23:35:19,28.3,29.0
2022-12-22 00:05:19,28.3,29.0
2022-12-22 00:35:19,28.3,29.0
2022-12-22 01:05:19,28.3,29.0
2022-12-22 01:35:19,28.5,29.0
2022-12-22 02:05:19,28.2,29.0
2022-12-22 02:35:19,28.4,29.0
2022-12-22 03:05:19,28.6,29.0
2022-12-22 03:35:19,28.2,29.0
2022-12-22 04:05:19,28.6,29.0
2022-12-22 04:35:19,28.3,29.0
2022-12-22 05:05:19,28.6,29.0
2022-12-22 05:35:19,28.6,29.0
2022-12-22 06:05:19,28.2,29.0
2022-12-22 06:35:19,27.9,29.0
2022-12-22 07:05:19,27.7,29.0
2022-12-22 07:35:19,28.0,29.0
2022-12-22 08:05:19,28.6,29.0
2022-12-22 08:35:19,28.8,29.0
2022-12-22 09:05:19,28.5,29.0
2022-12-22 09:35:19,28.9,29.0
2022-12-22 10:05:19,28.6,29.0
2022-12-22 10:35:19,28.9,29.0
2022-12-22 11:05:19,28.6,29.0
2022-12-22 11:35:19,29.0,29.5
2022-12-22 12:05:19,29.0,29.5
2022-12-22 12:35:19,29.4,29.5
2022-12-22 13:05:19,30.2,29.5
2022-12-22 13:35:19,30.3,29.5
2022-12-22 14:05:19,30.4,29.5
2022-12-22 14:35:19,30.2,29.5
2022-12-22 15:05:19,29.6,29.5
2022-12-22 15:35:19,29.4,29.5
2022-12-22 16:05:19,29.3,29.5
2022-12-22 16:35:19,28.9,29.5
2022-12-22 17:05:19,28.7,29.5
2022-12-22 17:35:19,29.2,29.5
2022-12-22 18:05:19,28.7,29.5
2022-12-22 18:35:19,29.1,29.5
2022-12-22 19:05:19,29.1,29.5
2022-12-22 19:35:19,28.8,29.5
2022-12-22 20:05:19,28.1,29.5
2022-12-22 20:35:19,28.7,29.5
2022-12-22 21:05:19,28.8,29.5
2022-12-22 21:35:19,28.5,29.5
2022-12-22 22:05:19,28.3,29.5
2022-12-22 22:35:19,28.1,30.0
2022-12-22 23:05:19,27.6,30.0
2022-12-22 23:35:19,27.7,30.0
2022-12-23 00:05:19,28.4,30.0
2022-12-23 00:35:19,28.6,30.0
2022-12-23 01:05:19,28.4,30.0
2022-12-23 01:35:19,28.4,30.0
2022-12-23 02:05:19,28.6,30.0
2022-12-23 02:35:19,28.4,30.0
2022-12-23 03:05:19,28.3,30.0
2022-12-23 03:35:19,28.2,30.0
2022-12-23 04:05:19,28.3,30.0
2022-12-23 04:35:19,28.4,30.0
2022-12-23 05:05:19,28.2,30.0
2022-12-23 05:35:19,27.9,30.0
2022-12-23 06:05:19,27.8,30.0
2022-12-23 06:35:19,27.3,30.0
2022-12-23 07:05:19,26.9,30.0
2022-12-23 07:35:19,26.9,30.0
2022-12-23 08:05:19,26.9,30.0
2022-12-23 08:35:19,27.4,30.0
2022-12-23 09:05:19,28.2,30.0
2022-12-23 09:35:19,28.9,30.0
2022-12-23 10:05:19,28.6,29.5
2022-12-23 10:35:19,28.9,29.5
2022-12-23 11:05:19,29.3,29.5
2022-12-23 11:35:19,29.9,29.5
2022-12-23 12:05:19,30.7,29.5
2022-12-23 12:35:19,30.4,29.5
2022-12-23 13:05:19,31.0,29.5
2022-12-23 13:35:19,30.8,29.5
2022-12-23 14:05:19,30.3,29.5
2022-12-23 14:35:19,30.3,29.5
2022-12-23 15:05:19,29.9,29.5
2022-12-23 15:35:19,29.8,29.5
2022-12-23 16:05:19,29.2,29.5
2022-12-23 16:35:19,28.9,29.5
2022-12-23 17:05:19,27.7,29.5
2022-12-23 17:35:19,28.9,29.5
2022-12-23 18:05:19,28.7,29.5
2022-12-23 18:35:19,27.8,29.5
2022-12-23 19:05:19,27.5,29.5
2022-12-23 19:35:19,27.3,29.5
2022-12-23 20:05:19,27.2,29.5
2022-12-23 20:35:19,27.8,29.5
2022-12-23 21:00:37,28.4,29.5
2022-12-23 21:30:37,27.8,29.5
2022-12-23 22:00:34,27.4,29.5
2022-12-23 22:30:34,27.5,29.5
2022-12-23 23:00:34,27.4,29.5
2022-12-23 23:30:34,27.3,29.5
2022-12-24 00:00:34,27.3,29.5
2022-12-24 00:30:34,26.5,29.5
2022-12-24 01:00:34,26.2,29.5
2022-12-24 01:30:34,26.4,29.5
2022-12-24 02:00:34,27.1,29.5
2022-12-24 02:30:34,27.2,29.5
2022-12-24 03:00:34,27.3,29.5
2022-12-24 03:30:34,26.9,29.5
2022-12-24 04:00:34,26.8,29.5
2022-12-24 04:30:34,26.8,29.5
2022-12-24 05:00:34,26.8,29.5
2022-12-24 05:30:34,26.7,29.5
2022-12-24 06:00:34,26.8,29.5
2022-12-24 06:30:34,27.1,29.5
2022-12-24 07:00:34,27.6,29.5
2022-12-24 07:30:34,27.8,29.5
2022-12-24 08:00:34,27.6,29.5
2022-12-24 08:30:34,28.1,29.5
2022-12-24 09:00:34,27.9,29.5
2022-12-24 09:30:34,27.9,29.5
2022-12-24 10:00:34,27.8,29.5
2022-12-24 10:30:34,27.9,29.5
2022-12-24 11:00:34,28.0,29.0
2022-12-24 11:30:34,28.0,29.0
2022-12-24 12:00:34,28.0,29.0
2022-12-24 12:30:34,28.1,29.0
2022-12-24 13:00:34,28.8,29.0
2022-12-24 13:30:34,28.9,29.0
2022-12-24 14:00:34,28.8,29.0
2022-12-24 14:30:34,29.4,29.0
2022-12-24 15:00:34,30.0,29.0
2022-12-24 15:30:34,29.9,29.0
2022-12-24 16:00:34,29.6,29.0
2022-12-24 16:30:34,29.6,29.0
2022-12-24 17:00:34,29.5,29.0
2022-12-24 17:30:34,28.9,29.0
2022-12-24 18:00:34,28.6,29.0
2022-12-24 18:30:34,28.5,29.0
2022-12-24 19:00:34,28.2,29.0
2022-12-24 19:30:34,28.4,29.0
2022-12-24 20:00:34,28.3,29.0
2022-12-24 20:30:34,29.1,29.0
2022-12-24 21:00:34,28.3,29.0
2022-12-24 21:30:34,28.0,29.0
2022-12-24 22:00:34,28.4,29.0
2022-12-24 22:30:34,28.8,29.0
2022-12-24 23:00:34,28.3,29.0
2022-12-24 23:30:34,28.4,29.0
2022-12-25 00:00:34,28.3,29.0
2022-12-25 00:30:34,28.7,29.0
2022-12-25 01:00:34,28.1,29.0
2022-12-25 01:30:34,28.5,29.0
2022-12-25 02:00:34,28.5,29.0
2022-12-25 02:30:34,28.4,29.0
2022-12-25 03:00:34,28.3,29.0
2022-12-25 03:30:34,28.3,29.0
2022-12-25 04:00:34,28.6,29.0
2022-12-25 04:30:34,28.4,29.0
2022-12-25 05:00:34,28.2,29.0
2022-12-25 05:30:34,28.0,29.0
2022-12-25 06:00:34,28.2,29.0
2022-12-25 06:30:34,28.3,29.0
2022-12-25 07:00:34,28.1,29.0
2022-12-25 07:30:34,27.7,29.0
2022-12-25 08:00:34,27.5,29.0
2022-12-25 08:30:34,27.4,29.0
2022-12-25 09:00:34,27.5,29.0
2022-12-25 09:30:34,27.8,29.0
2022-12-25 10:00:34,28.2,29.0
2022-12-25 10:30:34,28.4,29.0
2022-12-25 11:00:34,28.4,29.0
2022-12-25 11:30:34,28.2,29.0
2022-12-25 12:00:34,28.6,29.0
2022-12-25 12:30:34,29.0,29.0
2022-12-25 13:00:34,29.1,29.0
2022-12-25 13:30:34,29.5,29.0
2022-12-25 14:00:34,29.0,29.0
2022-12-25 14:30:34,27.7,29.0
2022-12-25 15:00:34,28.0,29.0
2022-12-25 15:30:34,28.6,29.0
2022-12-25 16:00:34,28.7,29.0
2022-12-25 16:30:34,28.6,29.0
2022-12-25 17:00:34,28.3,29.0
2022-12-25 17:30:34,27.6,29.0
2022-12-25 18:00:34,27.2,29.0
2022-12-25 18:30:34,27.1,29.0
2022-12-25 19:00:34,26.6,29.0
2022-12-25 19:30:34,26.2,29.0
2022-12-25 20:00:34,27.0,29.0
2022-12-25 20:30:34,26.8,29.0
2022-12-25 21:00:34,26.6,29.0
2022-12-25 21:30:34,26.3,29.0
2022-12-25 22:00:34,26.0,29.0
2022-12-25 22:30:34,26.2,29.0
2022-12-25 23:00:34,26.1,29.0
2022-12-25 23:30:34,25.9,29.0
2022-12-26 00:00:34,25.9,29.0
2022-12-26 00:30:34,26.1,29.0
2022-12-26 01:00:34,26.1,29.0
2022-12-26 01:30:34,25.6,29.0
2022-12-26 02:00:34,26.4,29.0
2022-12-26 02:30:34,26.9,29.0
2022-12-26 03:00:34,26.9,29.0
2022-12-26 03:30:34,26.8,29.0
2022-12-26 04:00:34,26.9,29.0
2022-12-26 04:30:34,27.0,29.0
2022-12-26 05:00:34,27.0,29.0
2022-12-26 05:30:34,27.2,29.0
2022-12-26 06:00:34,27.3,29.0
2022-12-26 06:30:34,28.8,29.0
2022-12-26 07:00:34,28.6,29.0
2022-12-26 07:30:34,27.2,29.0
2022-12-26 08:00:34,27.0,29.0
2022-12-26 08:30:34,27.4,29.0
2022-12-26 09:00:34,27.5,29.0
2022-12-26 09:30:34,28.1,29.0
2022-12-26 10:00:34,28.5,29.0
2022-12-26 10:30:34,28.3,29.0
2022-12-26 11:00:34,28.7,28.0
2022-12-26 11:30:34,28.9,28.0
2022-12-26 12:00:34,28.9,28.0
2022-12-26 12:30:34,28.5,28.0
2022-12-26 13:00:34,28.6,28.0
2022-12-26 13:30:34,28.7,28.0
2022-12-26 14:00:34,28.8,28.0
2022-12-26 14:30:34,28.5,28.0
2022-12-26 15:00:34,28.3,28.0
2022-12-26 15:30:34,28.2,28.0
2022-12-26 16:00:34,28.7,28.0
2022-12-26 16:30:34,28.7,28.0
2022-12-26 17:00:34,28.2,28.0
2022-12-26 17:30:34,27.5,28.0
2022-12-26 18:00:34,26.7,28.0
2022-12-26 18:30:34,26.0,28.0
2022-12-26 19:00:34,25.7,28.0
2022-12-26 19:30:34,25.7,28.0
2022-12-26 20:00:34,27.0,28.0
2022-12-26 20:30:34,27.2,28.0
2022-12-26 21:00:34,27.6,28.0
2022-12-26 21:30:34,27.0,28.0
2022-12-26 22:00:34,27.5,28.0
2022-12-26 22:30:34,27.4,28.0
2022-12-26 23:00:34,27.4,28.0
2022-12-26 23:30:34,27.2,28.0
2022-12-27 00:00:34,27.1,28.0
2022-12-27 00:30:34,27.3,28.0
2022-12-27 01:00:34,27.7,28.0
2022-12-27 01:30:34,27.2,28.0
2022-12-27 02:00:34,27.2,28.0
2022-12-27 02:30:34,27.5,28.0
2022-12-27 03:00:34,27.2,28.0
2022-12-27 03:30:34,27.3,28.0
2022-12-27 04:00:34,26.9,28.0
2022-12-27 04:30:34,26.4,28.0
2022-12-27 05:00:34,26.0,28.0
2022-12-27 05:30:34,25.9,28.0
2022-12-27 06:00:34,25.7,28.0
2022-12-27 06:30:34,26.2,28.0
2022-12-27 07:00:34,26.9,28.0
2022-12-27 07:30:34,26.8,28.0
2022-12-27 08:00:34,26.9,28.0
2022-12-27 08:30:34,27.5,28.0
2022-12-27 09:00:34,27.5,28.0
2022-12-27 09:30:34,27.3,28.0
2022-12-27 10:00:34,27.4,28.0
2022-12-27 10:30:34,27.5,28.0
2022-12-27 11:00:34,27.8,28.0
2022-12-27 11:30:34,28.1,28.0
2022-12-27 12:00:34,28.1,28.0
2022-12-27 12:30:34,28.6,28.0
2022-12-27 13:00:34,28.3,28.0
2022-12-27 13:30:34,28.7,28.0
2022-12-27 14:00:34,28.9,28.0
2022-12-27 14:30:34,28.8,28.0
2022-12-27 15:00:34,28.9,28.0
2022-12-27 15:30:34,28.7,28.0
2022-12-27 16:00:34,28.8,28.0
2022-12-27 16:30:34,28.7,28.0
2022-12-27 17:00:34,28.7,28.0
2022-12-27 17:30:34,28.5,28.0
2022-12-27 18:00:34,28.8,28.0
2022-12-27 18:30:34,28.6,28.0
2022-12-27 19:00:34,29.1,28.0
2022-12-27 19:30:34,28.6,28.0
2022-12-27 20:00:34,27.9,28.0
2022-12-27 20:30:34,27.4,28.0
2022-12-27 21:00:34,27.3,28.0
2022-12-27 21:30:34,27.3,28.0
2022-12-27 22:00:34,27.4,28.0
2022-12-27 22:30:34,27.7,28.0
2022-12-27 23:00:34,27.1,28.0
2022-12-27 23:30:34,26.9,28.0
2022-12-28 00:00:34,26.4,28.0
2022-12-28 00:30:34,26.2,28.0
2022-12-28 01:00:34,25.7,28.0
2022-12-28 01:30:34,25.5,28.0
2022-12-28 02:00:34,26.0,28.0
2022-12-28 02:30:34,25.8,28.0
2022-12-28 03:00:34,25.6,28.0
2022-12-28 03:30:34,25.5,28.0
2022-12-28 04:00:34,25.3,28.0
2022-12-28 04:30:34,25.2,28.0
2022-12-28 05:00:34,26.2,28.0
2022-12-28 05:30:34,25.6,28.0
2022-12-28 06:00:34,25.6,28.0
2022-12-28 06:30:34,25.5,28.0
2022-12-28 07:00:34,25.3,28.0
2022-12-28 07:30:34,25.1,28.0
2022-12-28 08:00:34,26.0,28.0
2022-12-28 08:30:34,26.9,28.0
2022-12-28 09:00:34,27.7,28.0
2022-12-28 09:30:34,28.2,28.0
2022-12-28 10:00:34,29.0,28.0
2022-12-28 10:30:34,29.4,28.0
2022-12-28 11:00:34,29.2,28.0
2022-12-28 11:30:34,29.6,28.0
2022-12-28 12:00:34,30.2,28.0
2022-12-28 12:30:34,29.8,28.0
2022-12-28 13:00:34,30.4,28.0
2022-12-28 13:30:34,30.8,28.0
2022-12-28 14:00:34,30.7,28.0
2022-12-28 14:30:34,31.3,28.0
2022-12-28 15:00:34,30.0,28.0
2022-12-28 15:30:34,29.6,28.0
2022-12-28 16:00:34,29.0,28.0
2022-12-28 16:30:34,28.1,28.0
2022-12-28 17:00:34,29.0,28.0
2022-12-28 17:30:34,28.4,28.0
2022-12-28 18:00:34,27.5,28.0
2022-12-28 18:30:34,27.0,28.0
2022-12-28 19:00:34,26.8,28.0
2022-12-28 19:30:34,26.5,28.0
2022-12-28 20:00:34,26.3,28.0
2022-12-28 20:30:34,26.1,28.0
2022-12-28 21:00:34,26.1,28.0
2022-12-28 21:30:34,26.0,28.0
2022-12-28 22:00:34,26.1,28.0
2022-12-28 22:30:34,25.9,28.0
2022-12-28 23:00:34,25.7,28.0
2022-12-28 23:30:34,25.5,28.0
2022-12-29 00:00:34,25.6,28.0
2022-12-29 00:30:34,26.0,28.0
2022-12-29 01:00:34,26.1,28.0
2022-12-29 01:30:34,25.9,28.0
2022-12-29 02:00:34,25.6,28.0
2022-12-29 02:30:34,25.4,28.0
2022-12-29 03:00:34,25.6,28.0
2022-12-29 03:30:34,25.6,28.0
2022-12-29 04:00:34,25.3,28.0
2022-12-29 04:30:34,25.5,28.0
2022-12-29 05:00:34,25.4,28.0
2022-12-29 05:30:34,25.3,28.0
2022-12-29 06:00:34,25.1,28.0
2022-12-29 06:30:34,25.1,28.0
2022-12-29 07:00:34,25.0,28.0
2022-12-29 07:30:34,24.8,28.0
2022-12-29 08:00:34,25.7,28.0
2022-12-29 08:30:34,25.8,28.0
2022-12-29 09:00:34,26.3,28.0
2022-12-29 09:30:34,26.5,28.0
2022-12-29 10:00:34,26.5,28.0
2022-12-29 10:30:34,26.5,28.0
2022-12-29 11:00:34,26.9,28.0
2022-12-29 11:30:34,27.4,28.0
2022-12-29 12:00:34,27.5,28.0
2022-12-29 12:30:34,28.2,28.0
2022-12-29 13:00:34,28.5,28.0
2022-12-29 13:30:34,28.7,28.0
2022-12-29 14:00:34,28.1,28.0
2022-12-29 14:30:34,29.4,28.0
2022-12-29 15:00:34,29.0,28.0
2022-12-29 15:30:34,29.4,28.0
2022-12-29 16:00:34,28.9,28.0
2022-12-29 16:30:34,29.6,28.0
2022-12-29 17:00:34,29.8,28.0
2022-12-29 17:30:34,29.3,28.0
2022-12-29 18:00:34,29.0,28.0
2022-12-29 18:30:34,29.3,28.0
2022-12-29 19:00:34,28.8,28.0
2022-12-29 19:30:34,28.7,28.0
2022-12-29 20:00:34,28.4,28.0
2022-12-29 20:30:34,28.3,28.0
2022-12-29 21:00:34,28.3,28.0
2022-12-29 21:30:34,28.3,28.0
2022-12-29 22:00:34,28.3,28.0
2022-12-29 22:30:34,28.4,28.0
2022-12-29 23:00:34,28.1,28.0
2022-12-29 23:30:34,28.0,28.0
2022-12-30 00:00:34,27.5,28.0
2022-12-30 00:30:34,27.3,28.0
2022-12-30 01:00:34,27.4,28.0
2022-12-30 01:30:34,27.0,28.0
2022-12-30 02:00:34,26.6,28.0
2022-12-30 02:30:34,26.2,28.0
2022-12-30 03:00:34,26.2,28.0
2022-12-30 03:30:34,26.3,28.0
2022-12-30 04:00:34,26.6,28.0
2022-12-30 04:30:34,26.1,28.0
2022-12-30 05:00:34,26.0,28.0
2022-12-30 05:30:34,26.2,28.0
2022-12-30 06:00:34,26.1,28.0
2022-12-30 06:30:34,26.2,28.0
2022-12-30 07:00:34,26.2,28.0
2022-12-30 07:30:34,25.9,28.0
2022-12-30 08:00:34,26.8,28.0
2022-12-30 08:30:34,27.7,28.0
2022-12-30 09:00:34,27.3,28.0
2022-12-30 09:30:34,27.5,28.0
2022-12-30 10:00:34,27.7,28.0
2022-12-30 10:30:34,28.0,28.0
2022-12-30 11:00:34,27.7,28.0
2022-12-30 11:30:34,27.8,28.0
2022-12-30 12:00:34,28.1,28.0
2022-12-30 12:30:34,28.5,28.0
2022-12-30 13:00:34,28.5,28.0
2022-12-30 13:30:34,28.3,28.0
2022-12-30 14:00:34,28.2,28.0
2022-12-30 14:30:34,27.9,28.0
2022-12-30 15:00:34,27.7,28.0
2022-12-30 15:30:34,28.4,28.0
2022-12-30 16:00:34,28.2,28.0
2022-12-30 16:30:34,28.8,28.0
2022-12-30 17:00:34,28.4,28.0
2022-12-30 17:30:34,28.3,28.0
2022-12-30 18:00:34,28.3,28.0
2022-12-30 18:30:34,27.9,28.0
2022-12-30 19:00:34,27.7,28.0
2022-12-30 19:30:34,27.5,28.0
2022-12-30 20:00:34,27.4,28.0
2022-12-30 20:30:34,27.2,28.0
2022-12-30 21:00:34,27.9,28.0
2022-12-30 21:30:34,26.9,28.0
2022-12-30 22:00:34,27.0,28.0
2022-12-30 22:30:34,26.8,28.0
2022-12-30 23:00:34,26.5,28.0
2022-12-30 23:30:34,26.2,28.0
2022-12-31 00:00:34,26.1,28.0
2022-12-31 00:30:34,25.8,28.0
2022-12-31 01:00:34,25.7,28.0
2022-12-31 01:30:34,25.8,28.0
2022-12-31 02:00:34,25.7,28.0
2022-12-31 02:30:34,25.4,28.0
2022-12-31 03:00:34,25.7,28.0
2022-12-31 03:30:34,25.1,28.0
2022-12-31 04:00:34,25.5,28.0
2022-12-31 04:30:34,24.9,28.0
2022-12-31 05:00:34,25.5,28.0
2022-12-31 05:30:34,25.0,28.0
2022-12-31 06:00:34,28.3,28.0
2022-12-31 06:30:34,25.0,28.0
2022-12-31 07:00:34,25.3,28.0
2022-12-31 07:30:34,25.7,28.0
2022-12-31 08:00:34,25.6,28.0
2022-12-31 08:30:34,25.9,28.0
2022-12-31 09:00:34,26.7,28.0
2022-12-31 09:30:34,29.7,28.0
2022-12-31 10:00:34,29.0,28.0
2022-12-31 10:30:34,29.7,28.0
2022-12-31 11:00:34,27.2,28.0
2022-12-31 11:30:34,27.9,28.0
2022-12-31 12:00:34,30.6,28.0
2022-12-31 12:30:34,29.0,28.0
2022-12-31 13:00:34,28.4,28.0
2022-12-31 13:30:34,27.9,28.0
2022-12-31 14:00:34,28.8,28.0
2022-12-31 14:30:34,29.4,28.0
2022-12-31 15:00:34,28.8,28.0
2022-12-31 15:30:34,29.2,28.0
2022-12-31 16:00:34,29.4,28.0
2022-12-31 16:30:34,28.0,28.0
2022-12-31 17:00:34,27.4,28.0
2022-12-31 17:30:34,28.0,28.0
2022-12-31 18:00:34,27.4,28.0
2022-12-31 18:30:34,27.5,28.0
2022-12-31 19:00:34,29.0,28.0
2022-12-31 19:30:34,27.3,28.0
2022-12-31 20:00:34,27.0,28.0
2022-12-31 20:30:34,27.3,28.0
2022-12-31 21:00:34,27.3,28.0
2022-12-31 21:30:34,27.0,28.0
2022-12-31 22:00:34,27.3,28.0
2022-12-31 22:30:34,28.0,28.0
2022-12-31 23:00:34,26.9,28.0
2022-12-31 23:30:34,26.7,28.0
2023-01-01 00:00:34,27.0,28.0
2023-01-01 00:30:34,26.7,28.0
2023-01-01 01:00:34,27.3,28.0
2023-01-01 01:30:34,27.1,28.0
2023-01-01 02:00:34,26.3,28.0
2023-01-01 02:30:34,26.5,28.0
2023-01-01 03:00:34,26.6,28.0
2023-01-01 03:30:34,26.7,28.0
2023-01-01 04:00:34,26.9,28.0
2023-01-01 04:30:34,26.5,28.0
2023-01-01 05:00:34,25.6,28.0
2023-01-01 05:30:34,25.5,28.0
2023-01-01 06:00:34,26.2,28.0
2023-01-01 06:30:34,26.2,28.0
2023-01-01 07:00:34,26.1,28.0
2023-01-01 07:30:34,26.5,28.0
2023-01-01 08:00:34,26.2,28.0
2023-01-01 08:30:34,26.2,28.0
2023-01-01 09:00:34,27.4,28.0
2023-01-01 09:30:34,27.6,28.0
2023-01-01 10:00:34,28.1,28.0
2023-01-01 10:30:34,29.0,28.0
2023-01-01 11:00:34,27.5,28.0
2023-01-01 11:30:34,28.6,28.0
2023-01-01 12:00:34,28.0,28.0
2023-01-01 12:30:34,28.4,28.0
2023-01-01 13:00:34,27.9,28.0
2023-01-01 13:30:34,27.4,28.0
2023-01-01 14:00:34,28.5,28.0
2023-01-01 14:30:34,29.4,28.0
2023-01-01 15:00:34,27.6,28.0
2023-01-01 15:30:34,28.1,28.0
2023-01-01 16:00:34,28.6,28.0
2023-01-01 16:30:34,28.6,28.0
2023-01-01 17:00:34,29.8,28.0
2023-01-01 17:30:34,27.3,28.0
2023-01-01 18:00:34,27.4,28.0
2023-01-01 18:30:34,27.5,28.0
2023-01-01 19:00:34,28.3,28.0
2023-01-01 19:30:34,28.3,28.0
2023-01-01 20:00:34,30.2,28.0
2023-01-01 20:30:34,28.3,28.0
2023-01-01 21:00:34,27.7,28.0
2023-01-01 21:30:34,30.2,28.0
2023-01-01 22:00:34,27.2,28.0
2023-01-01 22:30:34,27.6,28.0
2023-01-01 23:00:34,27.2,28.0
2023-01-01 23:30:34,27.2,28.0
2023-01-02 00:00:34,27.1,28.0
2023-01-02 00:30:34,27.1,28.0
2023-01-02 01:00:34,27.0,28.0
2023-01-02 01:30:34,26.7,28.0
2023-01-02 02:00:34,26.5,28.0
2023-01-02 02:30:34,26.6,28.0
2023-01-02 03:00:34,26.3,28.0
2023-01-02 03:30:34,26.5,28.0
2023-01-02 04:00:34,26.0,28.0
2023-01-02 04:30:34,25.7,28.0
2023-01-02 05:00:34,26.1,28.0
2023-01-02 05:30:34,26.8,28.0
2023-01-02 06:00:34,26.4,28.0
2023-01-02 06:30:34,26.4,28.0
2023-01-02 07:00:34,27.9,28.0
2023-01-02 07:30:34,26.5,28.0
2023-01-02 08:00:34,26.5,28.0
2023-01-02 08:30:34,29.8,28.0
2023-01-02 09:00:34,27.8,28.0
2023-01-02 09:30:34,27.7,28.0
2023-01-02 10:00:34,28.5,28.0
2023-01-02 10:30:34,28.8,28.0
2023-01-02 11:00:34,29.4,28.0
2023-01-02 11:30:34,30.3,28.0
2023-01-02 12:00:34,31.4,28.0
2023-01-02 12:30:34,30.6,28.0
2023-01-02 13:00:34,29.4,28.0
2023-01-02 13:30:34,29.3,28.0
2023-01-02 14:00:34,29.3,28.0
2023-01-02 14:30:34,31.2,28.0
2023-01-02 15:00:34,28.9,28.0
2023-01-02 15:30:34,28.7,28.0
2023-01-02 16:00:34,28.4,28.0
2023-01-02 16:30:34,28.5,28.0
2023-01-02 17:00:34,29.1,28.0
2023-01-02 17:30:34,28.6,28.0
2023-01-02 18:00:34,28.9,28.0
2023-01-02 18:30:34,27.5,28.0
2023-01-02 19:00:34,27.5,28.0
2023-01-02 19:30:34,27.6,28.0
2023-01-02 20:00:34,27.6,28.0
2023-01-02 20:30:34,27.6,28.0
2023-01-02 21:00:34,28.0,28.0
2023-01-02 21:30:34,27.8,28.0
2023-01-02 22:00:34,28.0,28.0
2023-01-02 22:30:34,28.5,28.0
2023-01-02 23:00:34,28.3,28.0
2023-01-02 23:30:34,27.8,28.0
2023-01-03 00:00:34,27.8,28.0
2023-01-03 00:30:34,30.8,28.0
2023-01-03 01:00:34,27.2,28.0
2023-01-03 01:30:34,27.8,28.0
2023-01-03 02:00:34,26.6,28.0
2023-01-03 02:30:34,26.9,28.0
2023-01-03 03:00:34,28.0,28.0
2023-01-03 03:30:34,26.7,28.0
2023-01-03 04:00:34,25.9,28.0
2023-01-03 04:30:34,25.9,28.0
2023-01-03 05:00:34,28.0,28.0
2023-01-03 05:30:34,27.1,28.0
2023-01-03 06:00:34,27.0,28.0
2023-01-03 06:30:34,26.4,28.0
2023-01-03 07:00:34,26.0,28.0
2023-01-03 07:30:34,25.5,28.0
2023-01-03 08:00:34,28.9,28.0
2023-01-03 08:30:34,26.4,28.0
2023-01-03 09:00:34,27.4,28.0
2023-01-03 09:30:34,28.1,28.0
2023-01-03 10:00:34,29.7,28.0
2023-01-03 10:30:34,28.6,28.0
2023-01-03 11:00:34,27.8,28.0
2023-01-03 11:30:34,29.0,28.0
2023-01-03 12:00:34,28.1,28.0
2023-01-03 12:30:34,29.7,28.0
2023-01-03 13:00:34,28.6,28.0
2023-01-03 13:30:34,28.9,28.0
2023-01-03 14:00:34,29.8,28.0
2023-01-03 14:30:34,28.5,28.0
2023-01-03 15:00:34,30.3,28.0
2023-01-03 15:30:34,29.2,28.0
2023-01-03 16:00:34,29.7,28.0
2023-01-03 16:30:34,28.6,28.0
2023-01-03 17:00:34,27.9,28.0
2023-01-03 17:30:34,27.7,28.0
2023-01-03 18:00:34,25.8,28.0
2023-01-03 18:30:34,25.7,28.0
2023-01-03 19:00:34,26.4,28.0
2023-01-03 19:30:34,30.6,28.0
2023-01-03 20:00:34,27.6,28.0
2023-01-03 20:30:34,27.9,28.0
2023-01-03 21:00:34,27.3,28.0
2023-01-03 21:30:34,27.7,28.0
2023-01-03 22:00:34,30.3,28.0
2023-01-03 22:30:34,27.9,28.0
2023-01-03 23:00:34,27.6,28.0
2023-01-03 23:30:34,28.1,28.0
2023-01-04 00:00:34,27.4,28.0
2023-01-04 00:30:34,27.5,28.0
2023-01-04 01:00:34,29.9,28.0
2023-01-04 01:30:34,27.1,28.0
2023-01-04 02:00:34,27.3,28.0
2023-01-04 02:30:34,27.4,28.0
2023-01-04 03:00:34,27.0,28.0
2023-01-04 03:30:34,26.8,28.0
2023-01-04 04:00:34,26.8,28.0
2023-01-04 04:30:34,28.9,28.0
2023-01-04 05:00:34,26.7,28.0
2023-01-04 05:30:34,27.8,28.0
2023-01-04 06:00:34,27.3,28.0
2023-01-04 06:30:34,28.9,28.0
2023-01-04 07:00:34,26.5,28.0
2023-01-04 07:30:34,26.3,28.0
2023-01-04 08:00:34,26.9,28.0
2023-01-04 08:30:34,28.9,28.0
2023-01-04 09:00:34,28.4,28.0
2023-01-04 09:30:34,28.8,28.0
2023-01-04 10:00:34,28.8,28.0
2023-01-04 10:30:34,30.0,28.0
2023-01-04 11:00:34,30.5,28.0
2023-01-04 11:30:34,31.7,28.0
2023-01-04 12:00:34,28.8,28.0
2023-01-04 12:30:34,29.3,28.0
2023-01-04 13:00:34,29.0,28.0
2023-01-04 13:30:34,30.4,28.0
2023-01-04 14:00:34,28.6,28.0
2023-01-04 14:30:34,29.4,28.0
2023-01-04 15:00:34,29.2,28.0
2023-01-04 15:30:34,31.1,28.0
2023-01-04 16:00:34,28.7,28.0
2023-01-04 16:30:34,28.8,28.0
2023-01-04 17:00:34,28.6,28.0
2023-01-04 17:30:34,30.5,28.0
2023-01-04 18:00:34,29.8,28.0
2023-01-04 18:30:34,27.8,28.0
2023-01-04 19:00:34,27.9,28.0
2023-01-04 19:30:34,28.0,28.0
2023-01-04 20:00:34,28.0,28.0
2023-01-04 20:30:34,28.5,28.0
2023-01-04 21:00:34,27.1,28.0
2023-01-04 21:30:34,28.6,28.0
2023-01-04 22:00:34,30.5,28.0
2023-01-04 22:30:34,29.3,28.0
2023-01-04 23:00:34,30.9,28.0
2023-01-04 23:30:34,30.4,28.0
2023-01-05 00:00:34,27.8,28.0
2023-01-05 00:30:34,29.9,28.0
2023-01-05 01:00:34,29.0,28.0
2023-01-05 01:30:34,28.1,28.0
2023-01-05 02:00:34,30.5,28.0
2023-01-05 02:30:34,27.4,28.0
2023-01-05 03:00:34,30.2,28.0
2023-01-05 03:30:34,28.4,28.0
2023-01-05 04:00:34,28.3,28.0
2023-01-05 04:30:34,30.7,28.0
2023-01-05 05:00:34,27.5,28.0
2023-01-05 05:30:34,28.4,28.0
2023-01-05 06:00:34,27.4,28.0
2023-01-05 06:30:34,27.4,28.0
2023-01-05 07:00:34,29.4,28.0
2023-01-05 07:30:34,27.7,28.0
2023-01-05 08:00:34,29.8,28.0
2023-01-05 08:30:34,28.5,28.0
2023-01-05 09:00:34,31.2,28.0
2023-01-05 09:30:34,28.5,28.0
2023-01-05 10:00:34,28.9,28.0
2023-01-05 10:30:34,29.1,28.0
2023-01-05 11:00:34,28.2,28.0
2023-01-05 11:30:34,29.2,28.0
2023-01-05 12:00:34,30.4,28.0
2023-01-05 12:30:34,29.0,28.0
2023-01-05 13:00:34,30.6,28.0
2023-01-05 13:30:34,30.4,28.0
2023-01-05 14:00:34,28.2,28.0
2023-01-05 14:30:34,29.5,28.0
2023-01-05 15:00:34,30.7,28.0
2023-01-05 15:30:34,28.8,28.0
2023-01-05 16:00:34,28.4,28.0
2023-01-05 16:30:34,30.9,28.0
2023-01-05 17:00:34,28.4,28.0
2023-01-05 17:30:34,28.0,28.0
2023-01-05 18:00:34,26.6,28.0
2023-01-05 18:30:34,25.9,28.0
2023-01-05 19:00:34,26.2,28.0
2023-01-05 19:30:34,27.2,28.0
2023-01-05 20:00:34,28.9,28.0
2023-01-05 20:30:34,29.2,28.0
2023-01-05 21:00:34,27.7,28.0
2023-01-05 21:30:34,27.6,28.0
2023-01-05 22:00:34,30.1,28.0
2023-01-05 22:30:34,28.3,28.0
2023-01-05 23:00:34,31.0,28.0
2023-01-05 23:30:34,27.7,28.0
2023-01-06 00:00:34,28.6,28.0
2023-01-06 00:30:34,27.4,28.0
2023-01-06 01:00:34,29.2,28.0
2023-01-06 01:30:34,27.8,28.0
2023-01-06 02:00:34,27.8,28.0
2023-01-06 02:30:34,28.3,28.0
2023-01-06 03:00:34,28.7,28.0
2023-01-06 03:30:34,28.0,28.0
2023-01-06 04:00:34,30.3,28.0
2023-01-06 04:30:34,27.7,28.0
2023-01-06 05:00:34,27.7,28.0
2023-01-06 05:30:34,27.6,28.0
2023-01-06 06:00:34,27.4,28.0
2023-01-06 06:30:34,30.6,28.0
2023-01-06 07:00:34,27.5,28.0
2023-01-06 07:30:34,27.6,28.0
2023-01-06 08:00:34,29.4,28.0
2023-01-06 08:30:34,27.6,28.0
2023-01-06 09:00:34,28.4,28.0
2023-01-06 09:30:34,30.9,28.0
2023-01-06 10:00:34,29.0,28.0
2023-01-06 10:30:34,27.4,28.0
2023-01-06 11:00:34,28.9,28.0
2023-01-06 11:30:34,28.1,28.0
2023-01-06 12:00:34,27.5,28.0
2023-01-06 12:30:34,28.4,28.0
2023-01-06 13:00:34,29.0,28.0
2023-01-06 13:30:34,28.9,28.0
2023-01-06 14:00:34,27.3,28.0
2023-01-06 14:30:34,30.9,28.0
2023-01-06 15:00:34,28.6,28.0
2023-01-06 15:30:34,27.9,28.0
2023-01-06 16:00:34,27.1,28.0
2023-01-06 16:30:34,27.5,28.0
2023-01-06 17:00:34,27.4,28.0
2023-01-06 17:30:34,26.5,28.0
2023-01-06 18:00:34,26.4,28.0
2023-01-06 18:30:34,29.8,28.0
2023-01-06 19:00:34,26.9,28.0
2023-01-06 19:30:34,27.3,28.0
2023-01-06 20:00:34,30.6,28.0
2023-01-06 20:30:34,27.5,28.0
2023-01-06 21:00:34,27.5,28.0
2023-01-06 21:30:34,27.4,28.0
2023-01-06 22:00:34,27.5,28.0
2023-01-06 22:30:34,27.4,28.0
2023-01-06 23:00:34,30.4,28.0
2023-01-06 23:30:34,27.5,28.0
2023-01-07 00:00:34,27.4,28.0
2023-01-07 00:30:34,27.2,28.0
2023-01-07 01:00:34,27.1,28.0
2023-01-07 01:30:34,27.6,28.0
2023-01-07 02:00:34,28.4,28.0
2023-01-07 02:30:34,27.0,28.0
2023-01-07 03:00:34,27.4,28.0
2023-01-07 03:30:34,27.1,28.0
2023-01-07 04:00:34,27.3,28.0
2023-01-07 04:30:34,27.3,28.0
2023-01-07 05:00:34,27.2,28.0
2023-01-07 05:30:34,27.4,28.0
2023-01-07 06:00:34,29.0,28.0
2023-01-07 06:30:34,27.8,28.0
2023-01-07 07:00:34,27.6,28.0
2023-01-07 07:30:34,26.9,28.0
2023-01-07 08:00:34,28.8,28.0
2023-01-07 08:30:34,27.7,28.0
2023-01-07 09:00:34,28.7,28.0
2023-01-07 09:30:34,27.4,28.0
2023-01-07 10:00:34,29.1,28.0
2023-01-07 10:30:34,28.2,28.0
2023-01-07 11:00:34,28.2,28.0
2023-01-07 11:30:34,28.3,28.0
2023-01-07 12:00:34,28.5,28.0
2023-01-07 12:30:34,30.9,28.0
2023-01-07 13:00:34,29.1,28.0
2023-01-07 13:30:34,29.2,28.0
2023-01-07 14:00:34,28.4,28.0
2023-01-07 14:30:34,28.3,28.0
2023-01-07 15:00:34,29.8,28.0
2023-01-07 15:30:34,30.9,28.0
2023-01-07 16:00:34,30.0,28.0
2023-01-07 16:30:34,28.9,28.0
2023-01-07 17:00:34,28.5,28.0
2023-01-07 17:30:34,28.8,28.0
2023-01-07 18:00:34,28.3,28.0
2023-01-07 18:30:34,28.6,28.0
2023-01-07 19:00:34,28.5,28.0
2023-01-07 19:30:34,27.4,28.0
2023-01-07 20:00:34,27.5,28.0
2023-01-07 20:30:34,30.2,28.0
2023-01-07 21:00:34,27.7,28.0
2023-01-07 21:30:34,28.0,28.0
2023-01-07 22:00:34,27.5,28.0
2023-01-07 22:30:34,27.9,28.0
2023-01-07 23:00:34,27.0,28.0
2023-01-07 23:30:34,27.2,28.0
2023-01-08 00:00:34,29.0,28.0
2023-01-08 00:30:34,28.1,28.0
2023-01-08 01:00:34,27.0,28.0
2023-01-08 01:30:34,28.1,28.0
2023-01-08 02:00:34,26.9,28.0
2023-01-08 02:30:34,28.5,28.0
2023-01-08 03:00:34,26.7,28.0
2023-01-08 03:30:34,26.9,28.0
2023-01-08 04:00:34,28.7,28.0
2023-01-08 04:30:34,27.6,28.0
2023-01-08 05:00:34,27.1,28.0
2023-01-08 05:30:34,29.5,28.0
2023-01-08 06:00:34,26.2,28.0
2023-01-08 06:30:34,26.3,28.0
2023-01-08 07:00:34,26.7,28.0
2023-01-08 07:30:34,27.2,28.0
2023-01-08 08:00:34,26.6,28.0
2023-01-08 08:30:34,27.4,28.0
2023-01-08 09:00:34,28.8,28.0
2023-01-08 09:30:34,27.9,28.0
2023-01-08 10:00:34,28.1,28.0
2023-01-08 10:30:34,28.4,28.0
2023-01-08 11:00:34,28.3,28.0
2023-01-08 11:30:34,27.6,28.0
2023-01-08 12:00:34,29.4,28.0
2023-01-08 12:30:34,29.8,28.0
2023-01-08 13:00:34,28.9,28.0
2023-01-08 13:30:34,29.5,28.0
2023-01-08 14:00:34,31.4,28.0
2023-01-08 14:30:34,29.1,28.0
2023-01-08 15:00:34,30.8,28.0
2023-01-08 15:30:34,29.4,28.0
2023-01-08 16:00:34,29.0,28.0
2023-01-08 16:30:34,28.7,28.0
2023-01-08 17:00:34,31.0,28.0
2023-01-08 17:30:34,28.6,28.0
2023-01-08 18:00:34,31.1,28.0
2023-01-08 18:30:34,29.6,28.0
2023-01-08 19:00:34,28.2,28.0
2023-01-08 19:30:34,28.9,28.0
2023-01-08 20:00:34,29.0,28.0
2023-01-08 20:30:34,28.7,28.0
2023-01-08 21:00:34,28.9,28.0
2023-01-08 21:30:34,29.6,28.0
2023-01-08 22:00:34,28.6,28.0
2023-01-08 22:30:34,28.0,28.0
2023-01-08 23:00:34,27.8,28.0
2023-01-08 23:30:34,27.6,28.0
2023-01-09 00:00:34,27.4,28.0
2023-01-09 00:30:34,27.4,28.0
2023-01-09 01:00:34,27.4,28.0
2023-01-09 01:30:34,29.2,28.0
2023-01-09 02:00:34,29.7,28.0
2023-01-09 02:30:34,28.3,28.0
2023-01-09 03:00:34,29.4,28.0
2023-01-09 03:30:34,26.9,28.0
2023-01-09 04:00:34,26.7,28.0
2023-01-09 04:30:34,26.3,28.0
2023-01-09 05:00:34,26.5,28.0
2023-01-09 05:30:34,26.8,28.0
2023-01-09 06:00:34,26.9,28.0
2023-01-09 06:30:34,26.4,28.0
2023-01-09 07:00:34,27.6,28.0
2023-01-09 07:30:34,26.3,28.0
2023-01-09 08:00:34,27.2,28.0
2023-01-09 08:30:34,30.1,28.0
2023-01-09 09:00:34,31.2,28.0
2023-01-09 09:30:34,28.8,28.0
2023-01-09 10:00:34,27.9,28.0
2023-01-09 10:30:34,28.7,28.0
2023-01-09 11:00:34,29.3,28.0
2023-01-09 11:30:34,29.0,28.0
2023-01-09 12:00:34,29.0,28.0
2023-01-09 12:30:34,28.7,28.0
2023-01-09 13:00:34,29.7,28.0
2023-01-09 13:30:34,29.4,28.0
2023-01-09 14:00:34,30.4,28.0
2023-01-09 14:30:34,28.5,28.0
2023-01-09 15:00:34,30.9,28.0
2023-01-09 15:30:34,29.6,28.0
2023-01-09 16:00:34,28.4,28.0
2023-01-09 16:30:34,28.6,28.0
2023-01-09 17:00:34,29.2,28.0
2023-01-09 17:30:34,28.1,28.0
2023-01-09 18:00:34,27.0,28.0
2023-01-09 18:30:34,28.8,28.0
2023-01-09 19:00:34,27.3,28.0
2023-01-09 19:30:34,28.1,28.0
2023-01-09 20:00:34,28.2,28.0
2023-01-09 20:30:34,29.3,28.0
2023-01-09 21:00:34,27.6,28.0
2023-01-09 21:30:34,27.5,28.0
2023-01-09 22:00:34,28.1,28.0
2023-01-09 22:30:34,30.7,28.0
2023-01-09 23:00:34,28.5,28.0
2023-01-09 23:30:34,27.5,28.0
2023-01-10 00:00:34,28.1,28.0
2023-01-10 00:30:34,27.2,28.0
2023-01-10 01:00:34,26.6,28.0
2023-01-10 01:30:34,27.2,28.0
2023-01-10 02:00:34,26.9,28.0
2023-01-10 02:30:34,27.2,28.0
2023-01-10 03:00:34,27.7,28.0
2023-01-10 03:30:34,26.0,28.0
2023-01-10 04:00:34,25.3,28.0
2023-01-10 04:30:34,25.4,28.0
2023-01-10 05:00:34,25.6,28.0
2023-01-10 05:30:34,25.0,28.0
2023-01-10 06:00:34,25.0,28.0
2023-01-10 06:30:34,26.4,28.0
2023-01-10 07:00:34,26.4,28.0
2023-01-10 07:30:34,28.2,28.0
2023-01-10 08:00:34,29.6,28.0
2023-01-10 08:30:34,29.7,28.0
2023-01-10 09:00:34,28.4,28.0
2023-01-10 09:30:34,29.2,28.0
2023-01-10 10:00:34,28.4,28.0
2023-01-10 10:30:34,30.3,28.0
2023-01-10 11:00:34,28.1,28.0
2023-01-10 11:30:34,28.5,28.0
2023-01-10 12:00:34,29.9,28.0
2023-01-10 12:30:34,28.1,28.0
2023-01-10 13:00:34,28.0,28.0
2023-01-10 13:30:34,28.7,28.0
2023-01-10 14:00:34,30.1,28.0
2023-01-10 14:30:34,30.8,28.0
2023-01-10 15:00:34,29.3,28.0
2023-01-10 15:30:34,30.5,28.0
2023-01-10 16:00:34,30.2,28.0
2023-01-10 16:30:34,29.1,28.0
2023-01-10 17:00:34,30.9,28.0
2023-01-10 17:30:34,30.4,28.0
2023-01-10 18:00:34,28.5,28.0
2023-01-10 18:30:34,30.8,28.0
2023-01-10 19:00:34,30.6,28.0
2023-01-10 19:30:34,29.8,28.0
2023-01-10 20:00:34,27.1,28.0
2023-01-10 20:30:34,28.6,28.0
2023-01-10 21:00:34,28.5,28.0
2023-01-10 21:30:34,29.8,28.0
2023-01-10 22:00:34,28.4,28.0
2023-01-10 22:30:34,27.8,28.0
2023-01-10 23:00:34,27.9,28.0
2023-01-10 23:30:34,29.2,28.0
2023-01-11 00:00:34,30.3,28.0
2023-01-11 00:30:34,29.1,28.0
2023-01-11 01:00:34,27.3,28.0
2023-01-11 01:30:34,27.5,28.0
2023-01-11 02:00:34,30.2,28.0
2023-01-11 02:30:34,27.6,28.0
2023-01-11 03:00:34,28.3,28.0
2023-01-11 03:30:34,26.8,28.0
2023-01-11 04:00:34,26.9,28.0
2023-01-11 04:30:34,26.8,28.0
2023-01-11 05:00:34,26.7,28.0
2023-01-11 05:30:34,27.5,28.0
2023-01-11 06:00:34,28.2,28.0
2023-01-11 06:30:34,28.0,28.0
2023-01-11 07:00:34,29.3,28.0
2023-01-11 07:30:34,27.9,28.0
2023-01-11 08:00:34,28.2,28.0
2023-01-11 08:30:34,28.0,28.0
2023-01-11 09:00:34,28.2,28.0
2023-01-11 09:30:34,30.2,28.0
2023-01-11 10:00:34,28.0,28.0
2023-01-11 10:30:34,28.5,28.0
2023-01-11 11:00:34,28.1,28.0
2023-01-11 11:30:34,29.7,28.0
2023-01-11 12:00:34,28.4,28.0
2023-01-11 12:30:34,28.6,28.0
2023-01-11 13:00:34,28.6,28.0
2023-01-11 13:30:34,31.2,28.0
2023-01-11 14:00:34,30.6,28.0
2023-01-11 14:30:34,29.7,28.0
2023-01-11 15:00:34,29.5,28.0
2023-01-11 15:30:34,30.0,28.0
2023-01-11 16:00:34,28.6,28.0
2023-01-11 16:30:34,30.0,28.0
2023-01-11 17:00:34,29.6,28.0
2023-01-11 17:30:34,29.3,28.0
2023-01-11 18:00:34,30.2,28.0
2023-01-11 18:30:34,28.3,28.0
2023-01-11 19:00:34,28.2,28.0
2023-01-11 19:30:34,30.3,28.0
2023-01-11 20:00:34,27.9,28.0
2023-01-11 20:30:34,28.9,28.0
2023-01-11 21:00:34,29.6,28.0
2023-01-11 21:30:34,28.4,28.0
2023-01-11 22:00:34,29.6,28.0
2023-01-11 22:30:34,31.0,28.0
2023-01-11 23:00:34,28.8,28.0
2023-01-11 23:30:34,29.0,28.0
2023-01-12 00:00:34,29.2,28.0
2023-01-12 00:30:34,28.9,28.0
2023-01-12 01:00:34,27.1,28.0
2023-01-12 01:30:34,27.0,28.0
2023-01-12 02:00:34,30.1,28.0
2023-01-12 02:30:34,27.3,28.0
2023-01-12 03:00:34,27.4,28.0
2023-01-12 03:30:34,27.2,28.0
2023-01-12 04:00:34,26.9,28.0
2023-01-12 04:30:34,27.1,28.0
2023-01-12 05:00:34,26.7,28.0
2023-01-12 05:30:34,27.2,28.0
2023-01-12 06:00:34,29.4,28.0
2023-01-12 06:30:34,29.1,28.0
2023-01-12 07:00:34,25.9,28.0
2023-01-12 07:30:34,26.2,28.0
2023-01-12 08:00:34,27.4,28.0
2023-01-12 08:30:34,27.1,28.0
2023-01-12 09:00:34,27.7,28.0
2023-01-12 09:30:34,26.9,28.0
2023-01-12 10:00:34,27.7,28.0
2023-01-12 10:30:34,28.0,28.0
2023-01-12 11:00:34,30.7,28.0
2023-01-12 11:30:34,29.1,28.0
2023-01-12 12:00:34,29.0,28.0
2023-01-12 12:30:34,29.0,28.0
2023-01-12 13:00:34,29.9,28.0
2023-01-12 13:30:34,29.2,28.0
2023-01-12 14:00:34,30.3,28.0
2023-01-12 14:30:34,28.8,28.0
2023-01-12 15:00:34,30.4,28.0
2023-01-12 15:30:34,28.9,28.0
2023-01-12 16:00:34,29.5,28.0
2023-01-12 16:30:34,29.0,28.0
2023-01-12 17:00:34,27.4,28.0
2023-01-12 17:30:34,27.7,28.0
2023-01-12 18:00:34,27.1,28.0
2023-01-12 18:30:34,27.1,28.0
2023-01-12 19:00:34,27.8,28.0
2023-01-12 19:30:34,27.6,28.0
2023-01-12 20:00:34,27.3,28.0
2023-01-12 20:30:34,27.3,28.0
2023-01-12 21:00:34,28.4,28.0
2023-01-12 21:30:34,30.7,28.0
2023-01-12 22:00:34,27.9,28.0
2023-01-12 22:30:34,27.8,28.0
2023-01-12 23:00:34,27.5,28.0
2023-01-12 23:30:34,29.0,28.0
2023-01-13 00:00:34,29.6,28.0
2023-01-13 00:30:34,27.1,28.0
2023-01-13 01:00:34,28.8,28.0
2023-01-13 01:30:34,26.9,28.0
2023-01-13 02:00:34,28.1,28.0
2023-01-13 02:30:34,27.6,28.0
2023-01-13 03:00:34,27.7,28.0
2023-01-13 03:30:34,26.6,28.0
2023-01-13 04:00:34,25.9,28.0
2023-01-13 04:30:34,25.1,28.0
2023-01-13 05:00:34,25.4,28.0
2023-01-13 05:30:34,25.6,28.0
2023-01-13 06:00:34,25.2,28.0
2023-01-13 06:30:34,25.8,28.0
2023-01-13 07:00:34,26.3,28.0
2023-01-13 07:30:34,25.7,28.0
2023-01-13 08:00:34,26.3,28.0
2023-01-13 08:30:34,29.6,28.0
2023-01-13 09:00:34,27.9,28.0
2023-01-13 09:30:34,28.2,28.0
2023-01-13 10:00:34,27.8,28.0
2023-01-13 10:30:34,27.4,28.0
2023-01-13 11:00:34,27.4,28.0
2023-01-13 11:30:34,28.4,28.0
2023-01-13 12:00:34,30.9,28.0
2023-01-13 12:30:34,30.5,28.0
2023-01-13 13:00:34,28.5,28.0
2023-01-13 13:30:34,28.4,28.0
2023-01-13 14:00:34,29.5,28.0
2023-01-13 14:30:34,29.7,28.0
2023-01-13 15:00:34,28.9,28.0
2023-01-13 15:30:34,28.7,28.0
2023-01-13 16:00:34,28.9,28.0
2023-01-13 16:30:34,27.1,28.0
2023-01-13 17:00:34,27.2,28.0
2023-01-13 17:30:34,28.3,28.0
2023-01-13 18:00:34,26.7,28.0
2023-01-13 18:30:34,27.0,28.0
2023-01-13 19:00:34,26.2,28.0
2023-01-13 19:30:34,26.4,28.0
2023-01-13 20:00:34,26.2,28.0
2023-01-13 20:30:34,29.8,28.0
2023-01-13 21:00:34,26.2,28.0
2023-01-13 21:30:34,29.0,28.0
2023-01-13 22:00:34,26.4,28.0
2023-01-13 22:30:34,28.7,28.0
2023-01-13 23:00:34,26.9,28.0
2023-01-13 23:30:34,27.2,28.0
2023-01-14 00:00:34,26.9,28.0
2023-01-14 00:30:34,28.5,28.0
2023-01-14 01:00:34,28.5,28.0
2023-01-14 01:30:34,27.0,28.0
2023-01-14 02:00:34,27.0,28.0
2023-01-14 02:30:34,30.0,28.0
2023-01-14 03:00:34,29.2,28.0
2023-01-14 03:30:34,26.4,28.0
2023-01-14 04:00:34,25.4,28.0
2023-01-14 04:30:34,26.3,28.0
2023-01-14 05:00:34,26.4,28.0
2023-01-14 05:30:34,29.3,28.0
2023-01-14 06:00:34,27.3,28.0
2023-01-14 06:30:34,27.5,28.0
2023-01-14 07:00:34,27.5,28.0
2023-01-14 07:30:34,27.1,28.0
2023-01-14 08:00:34,30.0,28.0
2023-01-14 08:30:34,27.9,28.0
2023-01-14 09:00:34,28.4,28.0
2023-01-14 09:30:34,30.6,28.0
2023-01-14 10:00:34,30.5,28.0
2023-01-14 10:30:34,31.0,28.0
2023-01-14 11:00:34,29.2,28.0
2023-01-14 11:30:34,30.8,28.0
2023-01-14 12:00:34,30.7,28.0
2023-01-14 12:30:34,28.6,28.0
2023-01-14 13:00:34,29.1,28.0
2023-01-14 13:30:34,29.9,28.0
2023-01-14 14:00:34,29.8,28.0
2023-01-14 14:30:34,29.2,28.0
2023-01-14 15:00:34,28.1,28.0
2023-01-14 15:30:34,27.9,28.0
2023-01-14 16:00:34,28.5,28.0
2023-01-14 16:30:34,28.9,28.0
2023-01-14 17:00:34,29.2,28.0
2023-01-14 17:30:34,28.6,28.0
2023-01-14 18:00:34,28.9,28.0
2023-01-14 18:30:34,28.7,28.0
2023-01-14 19:00:34,27.4,28.0
2023-01-14 19:30:34,26.8,28.0
2023-01-14 20:00:34,26.4,28.0
2023-01-14 20:30:34,26.7,28.0
2023-01-14 21:00:34,26.8,28.0
2023-01-14 21:30:34,27.0,28.0
2023-01-14 22:00:34,27.2,28.0
2023-01-14 22:30:34,27.1,28.0
2023-01-14 23:00:34,27.2,28.0
2023-01-14 23:30:34,27.1,28.0
2023-01-15 00:00:34,27.1,28.0
2023-01-15 00:30:34,27.2,28.0
2023-01-15 01:00:34,27.1,28.0
2023-01-15 01:30:34,26.9,28.0
2023-01-15 02:00:34,26.7,28.0
2023-01-15 02:30:34,26.7,28.0
2023-01-15 03:00:34,26.7,28.0
2023-01-15 03:30:34,26.6,28.0
2023-01-15 04:00:34,26.8,28.0
2023-01-15 04:30:34,26.7,28.0
2023-01-15 05:00:34,26.8,28.0
2023-01-15 05:30:34,26.7,28.0
2023-01-15 06:00:34,26.7,28.0
2023-01-15 06:30:34,26.6,28.0
2023-01-15 07:00:34,26.6,28.0
2023-01-15 07:30:34,26.7,28.0
2023-01-15 08:00:34,26.8,28.0
2023-01-15 08:30:34,27.1,28.0
2023-01-15 09:00:34,27.2,28.0
2023-01-15 09:30:34,27.2,28.0
2023-01-15 10:00:34,27.8,28.0
2023-01-15 10:30:34,28.4,28.0
2023-01-15 11:00:34,28.1,28.0
2023-01-15 11:30:34,28.5,28.0
2023-01-15 12:00:34,28.8,28.0
2023-01-15 12:30:34,28.4,28.0
2023-01-15 13:00:34,28.2,28.0
2023-01-15 13:30:34,29.1,28.0
2023-01-15 14:00:34,27.9,28.0
2023-01-15 14:30:34,28.5,28.0
2023-01-15 15:00:34,28.7,28.0
2023-01-15 15:30:34,27.9,28.0
2023-01-15 16:00:34,29.0,28.0
2023-01-15 16:30:34,28.4,28.0
2023-01-15 17:00:34,28.3,28.0
2023-01-15 17:30:34,29.2,28.0
2023-01-15 18:00:34,29.5,28.0
2023-01-15 18:30:34,29.4,28.0
2023-01-15 19:00:34,28.9,28.0
2023-01-15 19:30:34,28.1,28.0
2023-01-15 20:00:34,27.7,28.0
2023-01-15 20:30:34,27.0,28.0
2023-01-15 21:00:34,26.4,28.0
2023-01-15 21:30:34,26.3,28.0
2023-01-15 22:00:34,26.4,28.0
2023-01-15 22:30:34,26.5,28.0
2023-01-15 23:00:34,26.6,28.0
2023-01-15 23:30:34,26.3,28.0
2023-01-16 00:00:34,26.1,28.0
2023-01-16 00:30:34,26.0,28.0
2023-01-16 01:00:34,25.9,28.0
2023-01-16 01:30:34,26.0,28.0
2023-01-16 02:00:34,26.0,28.0
2023-01-16 02:30:34,25.9,28.0
2023-01-16 03:00:34,26.0,28.0
2023-01-16 03:30:34,26.0,28.0
2023-01-16 04:00:34,25.9,28.0
2023-01-16 04:30:34,26.0,28.0
2023-01-16 05:00:34,26.2,28.0
2023-01-16 05:30:34,26.2,28.0
2023-01-16 06:00:34,26.3,28.0
2023-01-16 06:30:34,26.1,28.0
2023-01-16 07:00:34,25.9,28.0
2023-01-16 07:30:34,26.1,28.0
2023-01-16 08:00:34,26.1,28.0
2023-01-16 08:30:34,26.5,28.0
2023-01-16 09:00:34,26.6,28.0
2023-01-16 09:30:34,26.8,28.0
2023-01-16 10:00:34,27.0,28.0
2023-01-16 10:30:34,27.5,28.0
2023-01-16 11:00:34,28.3,28.0
2023-01-16 11:30:34,28.9,28.0
2023-01-16 12:00:34,29.3,28.0
2023-01-16 12:30:34,29.1,28.0
2023-01-16 13:00:34,27.8,28.0
2023-01-16 13:30:34,25.9,28.0
2023-01-16 14:00:34,25.6,28.0
2023-01-16 14:30:34,25.7,28.0
2023-01-16 15:00:34,25.7,28.0
2023-01-16 15:30:34,25.8,28.0
2023-01-16 16:00:34,25.9,28.0
2023-01-16 16:30:34,25.9,28.0
2023-01-16 17:00:34,25.8,28.0
2023-01-16 17:30:34,25.6,28.0
2023-01-16 18:00:34,25.2,28.0
2023-01-16 18:30:34,25.0,28.0
2023-01-16 19:00:34,25.0,28.0
2023-01-16 19:30:34,24.8,28.0
2023-01-16 20:00:34,24.5,28.0
2023-01-16 20:30:34,24.7,28.0
2023-01-16 21:00:34,24.5,28.0
2023-01-16 21:30:34,24.4,28.0
2023-01-16 22:00:34,24.4,28.0
2023-01-16 22:30:34,24.3,28.0
2023-01-16 23:00:34,24.7,28.0
2023-01-16 23:30:34,24.5,28.0
2023-01-17 00:00:34,24.4,28.0
2023-01-17 00:30:34,24.4,28.0
2023-01-17 01:00:34,24.3,28.0
2023-01-17 01:30:34,24.1,28.0
2023-01-17 02:00:34,24.0,28.0
2023-01-17 02:30:34,23.8,28.0
2023-01-17 03:00:34,23.7,28.0
2023-01-17 03:30:34,23.8,28.0
2023-01-17 04:00:34,23.6,28.0
2023-01-17 04:30:34,23.6,28.0
2023-01-17 05:00:34,23.9,28.0
2023-01-17 05:30:34,24.3,28.0
2023-01-17 06:00:34,24.2,28.0
2023-01-17 06:30:34,23.8,28.0
2023-01-17 07:00:34,23.9,28.0
2023-01-17 07:30:34,23.7,28.0
2023-01-17 08:00:34,23.9,28.0
2023-01-17 08:30:34,24.3,28.0
2023-01-17 09:00:34,25.3,28.0
2023-01-17 09:30:34,26.4,28.0
2023-01-17 10:00:34,27.2,28.0
2023-01-17 10:30:34,27.7,28.0
2023-01-17 11:00:34,27.8,28.0
2023-01-17 11:30:34,28.2,28.0
2023-01-17 12:00:34,28.4,28.0
2023-01-17 12:30:34,28.7,28.0
2023-01-17 13:00:34,28.9,28.0
2023-01-17 13:30:34,27.9,28.0
2023-01-17 14:00:34,25.7,28.0
2023-01-17 14:30:34,24.3,28.0
2023-01-17 15:00:34,24.5,28.0
2023-01-17 15:30:34,24.7,28.0
2023-01-17 16:00:34,24.6,28.0
2023-01-17 16:30:34,24.7,28.0
2023-01-17 17:00:34,24.8,28.0
2023-01-17 17:30:34,24.9,28.0
2023-01-17 18:00:34,25.0,28.0
2023-01-17 18:30:34,24.9,28.0
2023-01-17 19:00:34,25.0,28.0
2023-01-17 19:30:34,25.0,28.0
2023-01-17 20:00:34,25.2,28.0
2023-01-17 20:30:34,25.1,28.0
2023-01-17 21:00:34,24.9,28.0
2023-01-17 21:30:34,24.7,28.0
2023-01-17 22:00:34,24.6,28.0
2023-01-17 22:30:34,24.8,28.0
2023-01-17 23:00:34,24.8,28.0
2023-01-17 23:30:34,24.4,28.0
2023-01-18 00:00:34,24.1,28.0
2023-01-18 00:30:34,23.9,28.0
2023-01-18 01:00:34,23.7,28.0
2023-01-18 01:30:34,23.6,28.0
2023-01-18 02:00:34,23.5,28.0
2023-01-18 02:30:34,23.3,28.0
2023-01-18 03:00:34,23.1,28.0
2023-01-18 03:30:34,23.1,28.0
2023-01-18 04:00:34,23.0,28.0
2023-01-18 04:30:34,22.9,28.0
2023-01-18 05:00:34,22.6,28.0
2023-01-18 05:30:34,22.5,28.0
2023-01-18 06:00:34,22.4,28.0
2023-01-18 06:30:34,23.0,28.0
2023-01-18 07:00:34,23.3,28.0
2023-01-18 07:30:34,23.6,28.0
2023-01-18 08:00:34,24.1,28.0
2023-01-18 08:30:34,24.4,28.0
2023-01-18 09:00:34,25.5,28.0
2023-01-18 09:30:34,26.4,28.0
2023-01-18 10:00:34,27.3,28.0
2023-01-18 10:30:34,27.0,28.0
2023-01-18 11:00:34,27.0,28.0
2023-01-18 11:30:34,27.3,28.0
2023-01-18 12:00:34,27.9,28.0
2023-01-18 12:30:34,28.5,28.0
2023-01-18 13:00:34,29.7,28.0
2023-01-18 13:30:34,29.7,28.0
2023-01-18 14:00:34,28.3,28.0
2023-01-18 14:30:34,28.2,28.0
2023-01-18 15:00:34,27.9,28.0
2023-01-18 15:30:34,28.4,28.0
2023-01-18 16:00:34,28.8,28.0
2023-01-18 16:30:34,28.5,28.0
2023-01-18 17:00:34,28.8,28.0
2023-01-18 17:30:34,28.9,28.0
2023-01-18 18:00:34,28.3,28.0
2023-01-18 18:30:34,27.4,28.0
2023-01-18 19:00:34,26.9,28.0
2023-01-18 19:30:34,25.9,28.0
2023-01-18 20:00:34,25.5,28.0
2023-01-18 20:30:34,24.4,28.0
2023-01-18 21:00:34,24.2,28.0
2023-01-18 21:30:34,24.1,28.0
2023-01-18 22:00:34,24.1,28.0
2023-01-18 22:30:34,24.2,28.0
2023-01-18 23:00:34,24.4,28.0
2023-01-18 23:30:34,23.7,28.0
2023-01-19 00:00:34,23.8,28.0
2023-01-19 00:30:34,23.7,28.0
2023-01-19 01:00:34,23.7,28.0
2023-01-19 01:30:34,23.8,28.0
2023-01-19 02:00:34,24.7,28.0
2023-01-19 02:30:34,25.0,28.0
2023-01-19 03:00:34,24.9,28.0
2023-01-19 03:30:34,25.0,28.0
2023-01-19 04:00:34,25.0,28.0
2023-01-19 04:30:34,24.5,28.0
2023-01-19 05:00:34,25.0,28.0
2023-01-19 05:30:34,25.1,28.0
2023-01-19 06:00:34,25.1,28.0
2023-01-19 06:30:34,24.3,28.0
2023-01-19 07:00:34,24.1,28.0
2023-01-19 07:30:34,24.3,28.0
2023-01-19 08:00:34,24.7,28.0
2023-01-19 08:30:34,25.5,28.0
2023-01-19 09:00:34,25.9,28.0
2023-01-19 09:30:34,26.5,28.0
2023-01-19 10:00:34,27.4,28.0
2023-01-19 10:30:34,27.9,28.0
2023-01-19 11:00:34,28.4,28.0
2023-01-19 11:30:34,28.6,28.0
2023-01-19 12:00:34,29.0,28.0
2023-01-19 12:30:34,29.7,28.0
2023-01-19 13:00:34,29.7,28.0
2023-01-19 13:21:01,29.7,28.0
2023-01-19 13:21:53,0.0,0.0
2023-01-19 13:24:01,0.0,0.0
2023-01-19 13:24:41,30.3,28.0
2023-01-19 13:41:49,0.0,0.0
2023-01-19 13:54:41,29.3,28.0
